<?xml version="1.0" encoding="UTF-8"?>
<feature id="org.eclipse.equinox.p2.user.ui.source" version="2.2.102.v20160129-0947" label="%featureName" provider-name="%providerName">
  <includes id="org.eclipse.equinox.p2.user.ui" version="2.2.102.v20160129-0947"/>
  <description>
      %description
   </description>
  <copyright>
      %copyright
   </copyright>
  <license url="%licenseURL">
      %license
   </license>
  <plugin id="org.eclipse.equinox.p2.updatesite.source" version="1.0.500.v20150423-1455" download-size="0" install-size="0" unpack="false"/>
  <plugin id="org.eclipse.equinox.p2.ui.importexport.source" version="1.1.100.v20150423-1455" download-size="0" install-size="0" unpack="false"/>
  <includes id="org.eclipse.equinox.p2.core.feature.source" version="1.3.100.v20150527-1706"/>
  <includes id="org.eclipse.equinox.p2.extras.feature.source" version="1.2.101.v20160129-0947"/>
  <includes id="org.eclipse.equinox.p2.rcp.feature.source" version="1.2.101.v20150826-1318"/>
</feature>