<?xml version="1.0" encoding="UTF-8"?>
<feature id="org.eclipse.jdt.source" version="3.11.2.v20160212-1500" label="%featureName" provider-name="%providerName">
  <includes id="org.eclipse.jdt" version="3.11.2.v20160212-1500"/>
  <description>
      %description
   </description>
  <copyright>
      %copyright
   </copyright>
  <license url="%licenseURL">
      %license
   </license>
  <plugin id="org.eclipse.ant.ui.source" version="3.6.101.v20160203-1242" download-size="0" install-size="0" unpack="false"/>
  <plugin id="org.eclipse.jdt.apt.core.source" version="3.4.0.v20150518-1201" download-size="0" install-size="0" unpack="false"/>
  <plugin id="org.eclipse.jdt.apt.ui.source" version="3.4.0.v20150423-0947" download-size="0" install-size="0" unpack="false"/>
  <plugin id="org.eclipse.jdt.apt.pluggable.core.source" version="1.1.0.v20150423-0947" download-size="0" install-size="0" unpack="false"/>
  <plugin id="org.eclipse.jdt.compiler.apt.source" version="1.2.0.v20150514-0146" download-size="0" install-size="0" unpack="false"/>
  <plugin id="org.eclipse.jdt.compiler.tool.source" version="1.1.0.v20150513-2007" download-size="0" install-size="0" unpack="false"/>
  <plugin id="org.eclipse.jdt.core.source" version="3.11.2.v20160128-0629" download-size="0" install-size="0" unpack="false"/>
  <plugin id="org.eclipse.jdt.annotation.source" version="1.1.100.v20140704-0625" download-size="0" install-size="0" unpack="false"/>
  <plugin id="org.eclipse.jdt.annotation.source" version="2.0.100.v20150311-1658" download-size="0" install-size="0" unpack="false"/>
  <plugin id="org.eclipse.jdt.core.manipulation.source" version="1.5.100.v20141002-1241" download-size="0" install-size="0" unpack="false"/>
  <plugin id="org.eclipse.jdt.debug.ui.source" version="3.7.101.v20160203-1236" download-size="0" install-size="0" unpack="false"/>
  <plugin id="org.eclipse.jdt.debug.source" version="3.9.1.v20160128-1343" download-size="0" install-size="0" unpack="false"/>
  <plugin id="org.eclipse.jdt.junit.source" version="3.8.0.v20150428-1340" download-size="0" install-size="0" unpack="false"/>
  <plugin id="org.eclipse.jdt.junit.core.source" version="3.7.400.v20150423-0747" download-size="0" install-size="0" unpack="false"/>
  <plugin id="org.eclipse.jdt.junit.runtime.source" version="3.4.500.v20140527-1138" download-size="0" install-size="0" unpack="false"/>
  <plugin id="org.eclipse.jdt.junit4.runtime.source" version="1.1.500.v20150423-0747" download-size="0" install-size="0" unpack="false"/>
  <plugin id="org.eclipse.jdt.launching.source" version="3.8.0.v20150527-0946" download-size="0" install-size="0" unpack="false"/>
  <plugin id="org.eclipse.jdt.ui.source" version="3.11.2.v20151123-1510" download-size="0" install-size="0" unpack="false"/>
  <plugin id="org.junit.source" version="4.12.0.v201504281640" download-size="0" install-size="0" unpack="false"/>
  <plugin id="org.hamcrest.core.source" version="1.3.0.v201303031735" download-size="0" install-size="0" unpack="false"/>
  <plugin id="org.eclipse.jdt.launching.macosx.source" version="3.3.0.v20150313-0517" download-size="0" install-size="0" os="macosx" unpack="false"/>
  <plugin id="org.eclipse.jdt.launching.ui.macosx.source" version="1.1.0.v20150313-0517" download-size="0" install-size="0" os="macosx" unpack="false"/>
  <plugin id="org.eclipse.ant.launching.source" version="1.1.101.v20160203-1242" download-size="0" install-size="0" unpack="false"/>
  <plugin id="org.eclipse.jdt.doc.isv" version="3.11.2.v20160203-1325" download-size="0" install-size="0" unpack="false"/>
</feature>