<?xml version="1.0" encoding="UTF-8"?>
<config date="1455314592293" transient="false">
	<site updateable="true" url="platform:/base/" enabled="true" policy="USER-EXCLUDE">
		<feature id="org.eclipse.e4.rcp" version="1.4.1.v20160212-1350" url="features/org.eclipse.e4.rcp_1.4.1.v20160212-1350/">
		</feature>
		<feature id="org.eclipse.equinox.p2.user.ui" version="2.2.102.v20160129-0947" url="features/org.eclipse.equinox.p2.user.ui_2.2.102.v20160129-0947/">
		</feature>
		<feature id="org.eclipse.ecf.core.ssl.source.feature" version="1.1.0.v20151130-0157" url="features/org.eclipse.ecf.core.ssl.source.feature_1.1.0.v20151130-0157/">
		</feature>
		<feature id="org.eclipse.ecf.filetransfer.httpclient4.source.feature" version="3.12.0.v20151130-0157" url="features/org.eclipse.ecf.filetransfer.httpclient4.source.feature_3.12.0.v20151130-0157/">
		</feature>
		<feature id="org.eclipse.platform.source" version="4.5.2.v20160212-1500" url="features/org.eclipse.platform.source_4.5.2.v20160212-1500/">
		</feature>
		<feature id="org.eclipse.ecf.core.source.feature" version="1.2.0.v20151130-0157" url="features/org.eclipse.ecf.core.source.feature_1.2.0.v20151130-0157/">
		</feature>
		<feature id="org.eclipse.emf.ecore.source" version="2.11.2.v20160208-0816" url="features/org.eclipse.emf.ecore.source_2.11.2.v20160208-0816/">
		</feature>
		<feature id="org.eclipse.equinox.p2.user.ui.source" version="2.2.102.v20160129-0947" url="features/org.eclipse.equinox.p2.user.ui.source_2.2.102.v20160129-0947/">
		</feature>
		<feature id="org.eclipse.emf.common" version="2.11.1.v20160208-0816" url="features/org.eclipse.emf.common_2.11.1.v20160208-0816/">
		</feature>
		<feature id="org.eclipse.ecf.filetransfer.httpclient4.feature" version="3.12.0.v20151130-0157" url="features/org.eclipse.ecf.filetransfer.httpclient4.feature_3.12.0.v20151130-0157/">
		</feature>
		<feature id="org.eclipse.ecf.filetransfer.ssl.feature" version="1.1.0.v20151130-0157" url="features/org.eclipse.ecf.filetransfer.ssl.feature_1.1.0.v20151130-0157/">
		</feature>
		<feature id="org.eclipse.equinox.p2.rcp.feature" version="1.2.101.v20150826-1318" url="features/org.eclipse.equinox.p2.rcp.feature_1.2.101.v20150826-1318/">
		</feature>
		<feature id="org.eclipse.platform" version="4.5.2.v20160212-1500" url="features/org.eclipse.platform_4.5.2.v20160212-1500/">
		</feature>
		<feature id="org.eclipse.ecf.filetransfer.feature" version="3.12.0.v20151130-0157" url="features/org.eclipse.ecf.filetransfer.feature_3.12.0.v20151130-0157/">
		</feature>
		<feature id="org.eclipse.pde" version="3.11.2.v20160212-1500" url="features/org.eclipse.pde_3.11.2.v20160212-1500/">
		</feature>
		<feature id="org.eclipse.cvs" version="1.4.201.v20160212-1500" url="features/org.eclipse.cvs_1.4.201.v20160212-1500/">
		</feature>
		<feature id="org.eclipse.e4.rcp.source" version="1.4.1.v20160212-1350" url="features/org.eclipse.e4.rcp.source_1.4.1.v20160212-1350/">
		</feature>
		<feature id="org.eclipse.help.source" version="2.1.2.v20160212-1500" url="features/org.eclipse.help.source_2.1.2.v20160212-1500/">
		</feature>
		<feature id="org.eclipse.jdt" version="3.11.2.v20160212-1500" url="features/org.eclipse.jdt_3.11.2.v20160212-1500/">
		</feature>
		<feature id="org.eclipse.rcp" version="4.5.2.v20160212-1500" url="features/org.eclipse.rcp_4.5.2.v20160212-1500/">
		</feature>
		<feature id="org.eclipse.cvs.source" version="1.4.201.v20160212-1500" url="features/org.eclipse.cvs.source_1.4.201.v20160212-1500/">
		</feature>
		<feature id="org.eclipse.sdk" version="4.5.2.v20160212-1500" url="features/org.eclipse.sdk_4.5.2.v20160212-1500/">
		</feature>
		<feature id="org.eclipse.ecf.filetransfer.httpclient4.ssl.feature" version="1.1.0.v20151130-0157" url="features/org.eclipse.ecf.filetransfer.httpclient4.ssl.feature_1.1.0.v20151130-0157/">
		</feature>
		<feature id="org.eclipse.equinox.p2.core.feature" version="1.3.100.v20150527-1706" url="features/org.eclipse.equinox.p2.core.feature_1.3.100.v20150527-1706/">
		</feature>
		<feature id="org.eclipse.equinox.p2.rcp.feature.source" version="1.2.101.v20150826-1318" url="features/org.eclipse.equinox.p2.rcp.feature.source_1.2.101.v20150826-1318/">
		</feature>
		<feature id="org.eclipse.ecf.core.ssl.feature" version="1.1.0.v20151130-0157" url="features/org.eclipse.ecf.core.ssl.feature_1.1.0.v20151130-0157/">
		</feature>
		<feature id="org.eclipse.ecf.filetransfer.ssl.source.feature" version="1.1.0.v20151130-0157" url="features/org.eclipse.ecf.filetransfer.ssl.source.feature_1.1.0.v20151130-0157/">
		</feature>
		<feature id="org.eclipse.rcp.source" version="4.5.2.v20160212-1500" url="features/org.eclipse.rcp.source_4.5.2.v20160212-1500/">
		</feature>
		<feature id="org.eclipse.ecf.core.feature" version="1.2.0.v20151130-0157" url="features/org.eclipse.ecf.core.feature_1.2.0.v20151130-0157/">
		</feature>
		<feature id="org.eclipse.equinox.p2.extras.feature" version="1.2.101.v20160129-0947" url="features/org.eclipse.equinox.p2.extras.feature_1.2.101.v20160129-0947/">
		</feature>
		<feature id="org.eclipse.equinox.p2.core.feature.source" version="1.3.100.v20150527-1706" url="features/org.eclipse.equinox.p2.core.feature.source_1.3.100.v20150527-1706/">
		</feature>
		<feature id="org.eclipse.pde.source" version="3.11.2.v20160212-1500" url="features/org.eclipse.pde.source_3.11.2.v20160212-1500/">
		</feature>
		<feature id="org.eclipse.equinox.p2.extras.feature.source" version="1.2.101.v20160129-0947" url="features/org.eclipse.equinox.p2.extras.feature.source_1.2.101.v20160129-0947/">
		</feature>
		<feature id="org.eclipse.help" version="2.1.2.v20160212-1500" url="features/org.eclipse.help_2.1.2.v20160212-1500/" plugin-identifier="org.eclipse.help.base">
		</feature>
		<feature id="org.eclipse.ecf.filetransfer.httpclient4.ssl.source.feature" version="1.1.0.v20151130-0157" url="features/org.eclipse.ecf.filetransfer.httpclient4.ssl.source.feature_1.1.0.v20151130-0157/">
		</feature>
		<feature id="org.eclipse.ecf.filetransfer.source.feature" version="3.12.0.v20151130-0157" url="features/org.eclipse.ecf.filetransfer.source.feature_3.12.0.v20151130-0157/">
		</feature>
		<feature id="org.eclipse.emf.common.source" version="2.11.1.v20160208-0816" url="features/org.eclipse.emf.common.source_2.11.1.v20160208-0816/">
		</feature>
		<feature id="org.eclipse.emf.ecore" version="2.11.2.v20160208-0816" url="features/org.eclipse.emf.ecore_2.11.2.v20160208-0816/">
		</feature>
		<feature id="org.eclipse.jdt.source" version="3.11.2.v20160212-1500" url="features/org.eclipse.jdt.source_3.11.2.v20160212-1500/">
		</feature>
	</site>
</config>
