<?xml version="1.0" encoding="UTF-8"?>
<feature id="org.eclipse.equinox.p2.core.feature.source" version="1.3.100.v20150527-1706" label="%featureName" provider-name="%providerName">
  <includes id="org.eclipse.equinox.p2.core.feature" version="1.3.100.v20150527-1706"/>
  <description>
      %description
   </description>
  <copyright>
      %copyright
   </copyright>
  <license url="%licenseURL">
      %license
   </license>
  <plugin id="org.eclipse.equinox.p2.artifact.repository.source" version="1.1.400.v20150513-2116" download-size="0" install-size="0" unpack="false"/>
  <plugin id="org.eclipse.equinox.p2.console.source" version="1.0.400.v20150423-1455" download-size="0" install-size="0" unpack="false"/>
  <plugin id="org.eclipse.equinox.p2.core.source" version="2.4.0.v20150527-1706" download-size="0" install-size="0" unpack="false"/>
  <plugin id="org.eclipse.equinox.p2.director.source" version="2.3.200.v20150423-1455" download-size="0" install-size="0" unpack="false"/>
  <plugin id="org.eclipse.equinox.p2.engine.source" version="2.4.0.v20150511-1532" download-size="0" install-size="0" unpack="false"/>
  <plugin id="org.eclipse.equinox.p2.garbagecollector.source" version="1.0.200.v20131115-1210" download-size="0" install-size="0" unpack="false"/>
  <plugin id="org.eclipse.equinox.p2.metadata.source" version="2.3.0.v20150511-1532" download-size="0" install-size="0" unpack="false"/>
  <plugin id="org.eclipse.equinox.p2.metadata.repository.source" version="1.2.200.v20150428-1613" download-size="0" install-size="0" unpack="false"/>
  <plugin id="org.eclipse.equinox.p2.repository.source" version="2.3.100.v20150428-1613" download-size="0" install-size="0" unpack="false"/>
  <plugin id="org.eclipse.equinox.p2.touchpoint.eclipse.source" version="2.1.300.v20150423-1455" download-size="0" install-size="0" unpack="false"/>
  <plugin id="org.eclipse.equinox.p2.touchpoint.natives.source" version="1.2.0.v20150519-1136" download-size="0" install-size="0" unpack="false"/>
  <plugin id="org.eclipse.equinox.simpleconfigurator.manipulator.source" version="2.0.100.v20150423-1455" download-size="0" install-size="0" unpack="false"/>
  <plugin id="org.eclipse.equinox.frameworkadmin.source" version="2.0.200.v20150423-1455" download-size="0" install-size="0" unpack="false"/>
  <plugin id="org.eclipse.equinox.frameworkadmin.equinox.source" version="1.0.600.v20150522-2234" download-size="0" install-size="0" unpack="false"/>
  <plugin id="org.eclipse.equinox.preferences.source" version="3.5.300.v20150408-1437" download-size="0" install-size="0" unpack="false"/>
  <plugin id="org.eclipse.equinox.security.source" version="1.2.100.v20150423-1356" download-size="0" install-size="0" unpack="false"/>
  <plugin id="org.eclipse.equinox.p2.jarprocessor.source" version="1.0.400.v20150430-1836" download-size="0" install-size="0" unpack="false"/>
  <plugin id="org.eclipse.equinox.p2.transport.ecf.source" version="1.1.100.v20150521-1342" download-size="0" install-size="0" unpack="false"/>
  <plugin id="org.eclipse.equinox.p2.operations.source" version="2.4.100.v20150423-1455" download-size="0" install-size="0" unpack="false"/>
  <plugin id="org.eclipse.equinox.security.macosx.source" version="1.100.200.v20130327-1442" download-size="0" install-size="0" os="macosx" unpack="false"/>
  <plugin id="org.eclipse.equinox.security.win32.x86.source" version="1.0.300.v20130327-1442" download-size="0" install-size="0" os="win32" arch="x86" unpack="false"/>
  <plugin id="org.eclipse.equinox.security.win32.x86_64.source" version="1.0.100.v20130327-1442" download-size="0" install-size="0" os="win32" arch="x86_64" unpack="false"/>
  <plugin id="org.tukaani.xz.source" version="1.3.0.v201308270617" download-size="0" install-size="0" unpack="false"/>
</feature>