<?xml version="1.0" encoding="UTF-8"?>
<feature id="org.eclipse.equinox.p2.extras.feature.source" version="1.2.101.v20160129-0947" label="%featureName" provider-name="%providerName">
  <includes id="org.eclipse.equinox.p2.extras.feature" version="1.2.101.v20160129-0947"/>
  <description>
      %description
   </description>
  <copyright>
      %copyright
   </copyright>
  <license url="%licenseURL">
      %license
   </license>
  <plugin id="org.eclipse.equinox.p2.director.app.source" version="1.0.400.v20150423-1455" download-size="0" install-size="0" unpack="false"/>
  <plugin id="org.eclipse.equinox.p2.directorywatcher.source" version="1.1.100.v20150423-1455" download-size="0" install-size="0" unpack="false"/>
  <plugin id="org.eclipse.equinox.p2.reconciler.dropins.source" version="1.1.300.v20150423-1455" download-size="0" install-size="0" unpack="false"/>
  <plugin id="org.eclipse.equinox.p2.publisher.source" version="1.4.0.v20141117-0929" download-size="0" install-size="0" unpack="false"/>
  <plugin id="org.eclipse.equinox.p2.extensionlocation.source" version="1.2.201.v20160129-0947" download-size="0" install-size="0" unpack="false"/>
  <plugin id="org.eclipse.equinox.p2.repository.tools.source" version="2.1.100.v20150423-1455" download-size="0" install-size="0" unpack="false"/>
  <plugin id="org.eclipse.equinox.p2.publisher.eclipse.source" version="1.2.0.v20150601-1708" download-size="0" install-size="0" unpack="false"/>
  <includes id="org.eclipse.equinox.p2.core.feature.source" version="1.3.100.v20150527-1706"/>
</feature>