<?xml version="1.0" encoding="UTF-8"?>
<feature id="org.eclipse.pde.source" version="3.11.2.v20160212-1500" label="%featureName" provider-name="%providerName">
  <includes id="org.eclipse.pde" version="3.11.2.v20160212-1500"/>
  <description>
      %description
   </description>
  <copyright>
      %copyright
   </copyright>
  <license url="%licenseURL">
      %license
   </license>
  <plugin id="org.eclipse.pde.build.source" version="3.9.100.v20150521-1524" download-size="0" install-size="0" unpack="false"/>
  <plugin id="org.eclipse.pde.core.source" version="3.10.102.v20160128-0556" download-size="0" install-size="0" unpack="false"/>
  <plugin id="org.eclipse.pde.junit.runtime.source" version="3.4.500.v20150423-1241" download-size="0" install-size="0" unpack="false"/>
  <plugin id="org.eclipse.pde.runtime.source" version="3.4.500.v20150423-1241" download-size="0" install-size="0" unpack="false"/>
  <plugin id="org.eclipse.pde.ui.source" version="3.8.202.v20160128-0556" download-size="0" install-size="0" unpack="false"/>
  <plugin id="org.eclipse.pde.ui.templates.source" version="3.5.0.v20150818-1511" download-size="0" install-size="0" unpack="false"/>
  <plugin id="org.eclipse.ui.views.log.source" version="1.0.600.v20150513-1840" download-size="0" install-size="0" unpack="false"/>
  <plugin id="org.objectweb.asm.source" version="5.0.1.v201404251740" download-size="0" install-size="0" unpack="false"/>
  <plugin id="org.objectweb.asm.tree.source" version="5.0.1.v201404251740" download-size="0" install-size="0" unpack="false"/>
  <plugin id="org.eclipse.pde.api.tools.source" version="1.0.701.v20150831-1041" download-size="0" install-size="0" unpack="false"/>
  <plugin id="org.eclipse.pde.api.tools.annotations.source" version="1.0.0.v20140602-1527" download-size="0" install-size="0" unpack="false"/>
  <plugin id="org.eclipse.pde.api.tools.ui.source" version="1.0.600.v20150831-0659" download-size="0" install-size="0" unpack="false"/>
  <plugin id="org.eclipse.pde.ds.core.source" version="1.0.400.v20150423-1241" download-size="0" install-size="0" unpack="false"/>
  <plugin id="org.eclipse.pde.ds.ui.source" version="1.0.400.v20150506-1709" download-size="0" install-size="0" unpack="false"/>
  <plugin id="org.eclipse.pde.launching.source" version="3.6.301.v20160128-0556" download-size="0" install-size="0" unpack="false"/>
  <plugin id="org.eclipse.pde.ua.core.source" version="1.0.400.v20150220-1252" download-size="0" install-size="0" unpack="false"/>
  <plugin id="org.eclipse.pde.ua.ui.source" version="1.0.400.v20150513-1136" download-size="0" install-size="0" unpack="false"/>
  <plugin id="org.eclipse.ui.trace.source" version="1.0.300.v20150220-1252" download-size="0" install-size="0" unpack="false"/>
</feature>