<?xml version="1.0" encoding="UTF-8"?>
<feature id="org.eclipse.rcp.source" version="4.5.2.v20160212-1500" label="%featureName" provider-name="%providerName">
  <includes id="org.eclipse.rcp" version="4.5.2.v20160212-1500"/>
  <description>
      %description
   </description>
  <copyright>
      %copyright
   </copyright>
  <license url="%licenseURL">
      %license
   </license>
  <plugin id="org.eclipse.help.source" version="3.6.0.v20130326-1254" download-size="0" install-size="0" unpack="false"/>
  <plugin id="org.eclipse.ui.source" version="3.107.0.v20150507-1945" download-size="0" install-size="0" unpack="false"/>
  <plugin id="org.eclipse.ui.workbench.source" version="3.107.1.v20160120-2131" download-size="0" install-size="0" unpack="false"/>
  <plugin id="org.eclipse.update.configurator.source" version="3.3.300.v20140518-1928" download-size="0" install-size="0" unpack="false"/>
  <plugin id="org.eclipse.ui.cocoa.source" version="1.1.100.v20150315-1253" download-size="0" install-size="0" os="macosx" ws="cocoa" unpack="false"/>
  <includes id="org.eclipse.e4.rcp.source" version="1.4.1.v20160212-1350"/>
</feature>