<?xml version="1.0" encoding="UTF-8"?>
<config transient="false" date="1465874717690" version="3.0">
	<site enabled="true" updateable="true" policy="USER-EXCLUDE" url="platform:/base/">
		<feature id="org.eclipse.ecf.core.ssl.feature" url="features/org.eclipse.ecf.core.ssl.feature_1.1.0.v20151130-0157/" version="1.1.0.v20151130-0157">
		</feature>
		<feature id="org.eclipse.emf.common.source" url="features/org.eclipse.emf.common.source_2.11.1.v20160208-0816/" version="2.11.1.v20160208-0816">
		</feature>
		<feature id="org.eclipse.ecf.filetransfer.feature" url="features/org.eclipse.ecf.filetransfer.feature_3.12.0.v20151130-0157/" version="3.12.0.v20151130-0157">
		</feature>
		<feature id="org.eclipse.ecf.core.feature" url="features/org.eclipse.ecf.core.feature_1.2.0.v20151130-0157/" version="1.2.0.v20151130-0157">
		</feature>
		<feature id="org.eclipse.equinox.p2.user.ui" url="features/org.eclipse.equinox.p2.user.ui_2.2.102.v20160129-0947/" version="2.2.102.v20160129-0947">
		</feature>
		<feature id="org.eclipse.jdt.source" url="features/org.eclipse.jdt.source_3.11.2.v20160212-1500/" version="3.11.2.v20160212-1500">
		</feature>
		<feature id="org.eclipse.e4.rcp" url="features/org.eclipse.e4.rcp_1.4.1.v20160212-1350/" version="1.4.1.v20160212-1350">
		</feature>
		<feature id="org.eclipse.platform" url="features/org.eclipse.platform_4.5.2.v20160212-1500/" version="4.5.2.v20160212-1500">
		</feature>
		<feature id="org.eclipse.rcp.source" url="features/org.eclipse.rcp.source_4.5.2.v20160212-1500/" version="4.5.2.v20160212-1500">
		</feature>
		<feature id="org.eclipse.pde.source" url="features/org.eclipse.pde.source_3.11.2.v20160212-1500/" version="3.11.2.v20160212-1500">
		</feature>
		<feature id="org.eclipse.ecf.filetransfer.source.feature" url="features/org.eclipse.ecf.filetransfer.source.feature_3.12.0.v20151130-0157/" version="3.12.0.v20151130-0157">
		</feature>
		<feature id="org.eclipse.ecf.filetransfer.ssl.feature" url="features/org.eclipse.ecf.filetransfer.ssl.feature_1.1.0.v20151130-0157/" version="1.1.0.v20151130-0157">
		</feature>
		<feature id="org.eclipse.cvs.source" url="features/org.eclipse.cvs.source_1.4.201.v20160212-1500/" version="1.4.201.v20160212-1500">
		</feature>
		<feature id="org.eclipse.ecf.filetransfer.httpclient4.source.feature" url="features/org.eclipse.ecf.filetransfer.httpclient4.source.feature_3.12.0.v20151130-0157/" version="3.12.0.v20151130-0157">
		</feature>
		<feature id="org.codehaus.groovy.jdt.patch" plugin-identifier="org.codehaus.groovy.eclipse" url="features/org.codehaus.groovy.jdt.patch_2.9.2.xx-201604081629-e45/" version="2.9.2.xx-201604081629-e45">
		</feature>
		<feature id="org.eclipse.e4.rcp.source" url="features/org.eclipse.e4.rcp.source_1.4.1.v20160212-1350/" version="1.4.1.v20160212-1350">
		</feature>
		<feature id="org.codehaus.groovy23.feature" plugin-identifier="org.codehaus.groovy.eclipse" url="features/org.codehaus.groovy23.feature_2.9.2.xx-201604081629-e45/" version="2.9.2.xx-201604081629-e45">
		</feature>
		<feature id="org.eclipse.ecf.filetransfer.ssl.source.feature" url="features/org.eclipse.ecf.filetransfer.ssl.source.feature_1.1.0.v20151130-0157/" version="1.1.0.v20151130-0157">
		</feature>
		<feature id="org.eclipse.equinox.p2.extras.feature" url="features/org.eclipse.equinox.p2.extras.feature_1.2.101.v20160129-0947/" version="1.2.101.v20160129-0947">
		</feature>
		<feature id="org.eclipse.ecf.core.ssl.source.feature" url="features/org.eclipse.ecf.core.ssl.source.feature_1.1.0.v20151130-0157/" version="1.1.0.v20151130-0157">
		</feature>
		<feature id="org.eclipse.ecf.filetransfer.httpclient4.ssl.feature" url="features/org.eclipse.ecf.filetransfer.httpclient4.ssl.feature_1.1.0.v20151130-0157/" version="1.1.0.v20151130-0157">
		</feature>
		<feature id="org.eclipse.jdt" url="features/org.eclipse.jdt_3.11.2.v20160212-1500/" version="3.11.2.v20160212-1500">
		</feature>
		<feature id="org.eclipse.sdk" url="features/org.eclipse.sdk_4.5.2.v20160212-1500/" version="4.5.2.v20160212-1500">
		</feature>
		<feature id="org.codehaus.groovy.eclipse.feature" plugin-identifier="org.codehaus.groovy.eclipse" url="features/org.codehaus.groovy.eclipse.feature_2.9.2.xx-201604081629-e45/" version="2.9.2.xx-201604081629-e45">
		</feature>
		<feature id="org.eclipse.ecf.filetransfer.httpclient4.feature" url="features/org.eclipse.ecf.filetransfer.httpclient4.feature_3.12.0.v20151130-0157/" version="3.12.0.v20151130-0157">
		</feature>
		<feature id="org.eclipse.emf.ecore.source" url="features/org.eclipse.emf.ecore.source_2.11.2.v20160208-0816/" version="2.11.2.v20160208-0816">
		</feature>
		<feature id="org.eclipse.equinox.p2.rcp.feature.source" url="features/org.eclipse.equinox.p2.rcp.feature.source_1.2.101.v20150826-1318/" version="1.2.101.v20150826-1318">
		</feature>
		<feature id="org.eclipse.equinox.p2.user.ui.source" url="features/org.eclipse.equinox.p2.user.ui.source_2.2.102.v20160129-0947/" version="2.2.102.v20160129-0947">
		</feature>
		<feature id="org.eclipse.equinox.p2.extras.feature.source" url="features/org.eclipse.equinox.p2.extras.feature.source_1.2.101.v20160129-0947/" version="1.2.101.v20160129-0947">
		</feature>
		<feature id="org.eclipse.ecf.filetransfer.httpclient4.ssl.source.feature" url="features/org.eclipse.ecf.filetransfer.httpclient4.ssl.source.feature_1.1.0.v20151130-0157/" version="1.1.0.v20151130-0157">
		</feature>
		<feature id="org.codehaus.groovy.headless.feature" url="features/org.codehaus.groovy.headless.feature_2.9.2.xx-201604081629-e45/" version="2.9.2.xx-201604081629-e45">
		</feature>
		<feature id="org.eclipse.equinox.p2.core.feature.source" url="features/org.eclipse.equinox.p2.core.feature.source_1.3.100.v20150527-1706/" version="1.3.100.v20150527-1706">
		</feature>
		<feature id="org.eclipse.rcp" url="features/org.eclipse.rcp_4.5.2.v20160212-1500/" version="4.5.2.v20160212-1500">
		</feature>
		<feature id="org.eclipse.pde" url="features/org.eclipse.pde_3.11.2.v20160212-1500/" version="3.11.2.v20160212-1500">
		</feature>
		<feature id="org.eclipse.help" plugin-identifier="org.eclipse.help.base" url="features/org.eclipse.help_2.1.2.v20160212-1500/" version="2.1.2.v20160212-1500">
		</feature>
		<feature id="org.codehaus.groovy.compilerless.feature" plugin-identifier="org.codehaus.groovy.eclipse" url="features/org.codehaus.groovy.compilerless.feature_2.9.2.xx-201604081629-e45/" version="2.9.2.xx-201604081629-e45">
		</feature>
		<feature id="org.eclipse.emf.common" url="features/org.eclipse.emf.common_2.11.1.v20160208-0816/" version="2.11.1.v20160208-0816">
		</feature>
		<feature id="org.eclipse.equinox.p2.core.feature" url="features/org.eclipse.equinox.p2.core.feature_1.3.100.v20150527-1706/" version="1.3.100.v20150527-1706">
		</feature>
		<feature id="org.eclipse.cvs" url="features/org.eclipse.cvs_1.4.201.v20160212-1500/" version="1.4.201.v20160212-1500">
		</feature>
		<feature id="org.eclipse.help.source" url="features/org.eclipse.help.source_2.1.2.v20160212-1500/" version="2.1.2.v20160212-1500">
		</feature>
		<feature id="org.eclipse.equinox.p2.rcp.feature" url="features/org.eclipse.equinox.p2.rcp.feature_1.2.101.v20150826-1318/" version="1.2.101.v20150826-1318">
		</feature>
		<feature id="org.codehaus.groovy24.feature" plugin-identifier="org.codehaus.groovy.eclipse" url="features/org.codehaus.groovy24.feature_2.9.2.xx-201604081629-e45/" version="2.9.2.xx-201604081629-e45">
		</feature>
		<feature id="org.eclipse.platform.source" url="features/org.eclipse.platform.source_4.5.2.v20160212-1500/" version="4.5.2.v20160212-1500">
		</feature>
		<feature id="org.eclipse.ecf.core.source.feature" url="features/org.eclipse.ecf.core.source.feature_1.2.0.v20151130-0157/" version="1.2.0.v20151130-0157">
		</feature>
		<feature id="org.eclipse.emf.ecore" url="features/org.eclipse.emf.ecore_2.11.2.v20160208-0816/" version="2.11.2.v20160208-0816">
		</feature>
	</site>
</config>
