<?xml version="1.0" encoding="UTF-8"?>
<feature id="org.eclipse.platform.source" version="4.5.2.v20160212-1500" label="%featureName" provider-name="%providerName">
  <includes id="org.eclipse.platform" version="4.5.2.v20160212-1500"/>
  <description>
      %description
   </description>
  <copyright>
      %copyright
   </copyright>
  <license url="%licenseURL">
      %license
   </license>
  <plugin id="org.apache.ant.source" version="1.9.6.v201510161327" download-size="0" install-size="0" unpack="false"/>
  <plugin id="org.eclipse.ant.core.source" version="3.4.0.v20150428-1928" download-size="0" install-size="0" unpack="false"/>
  <plugin id="com.jcraft.jsch.source" version="0.1.53.v201508180515" download-size="0" install-size="0" unpack="false"/>
  <plugin id="org.eclipse.compare.core.source" version="3.5.500.v20150505-1058" download-size="0" install-size="0" unpack="false"/>
  <plugin id="org.eclipse.compare.source" version="3.5.600.v20150420-1449" download-size="0" install-size="0" unpack="false"/>
  <plugin id="org.eclipse.compare.win32.source" version="1.0.200.v20130514-1224" download-size="0" install-size="0" os="win32" unpack="false"/>
  <plugin id="org.eclipse.core.filebuffers.source" version="3.5.500.v20140723-1040" download-size="0" install-size="0" unpack="false"/>
  <plugin id="org.eclipse.core.filesystem.source" version="1.5.0.v20150725-1910" download-size="0" install-size="0" unpack="false"/>
  <plugin id="org.eclipse.core.net.source" version="1.2.300.v20141118-1725" download-size="0" install-size="0" unpack="false"/>
  <plugin id="org.eclipse.core.resources.source" version="3.10.1.v20150725-1910" download-size="0" install-size="0" unpack="false"/>
  <plugin id="org.eclipse.core.runtime.compatibility.source" version="3.2.300.v20150423-0821" download-size="0" install-size="0" unpack="false"/>
  <plugin id="org.eclipse.core.runtime.compatibility.registry.source" version="3.6.0.v20150318-1505" download-size="0" install-size="0" unpack="false"/>
  <plugin id="org.eclipse.osgi.util.source" version="3.3.100.v20150423-1351" download-size="0" install-size="0" unpack="false"/>
  <plugin id="org.eclipse.debug.core.source" version="3.10.0.v20150303-1130" download-size="0" install-size="0" unpack="false"/>
  <plugin id="org.eclipse.debug.ui.source" version="3.11.101.v20160203-1230" download-size="0" install-size="0" unpack="false"/>
  <plugin id="org.eclipse.equinox.event.source" version="1.3.100.v20140115-1647" download-size="0" install-size="0" unpack="false"/>
  <plugin id="org.eclipse.ltk.core.refactoring.source" version="3.6.201.v20150819-1034" download-size="0" install-size="0" unpack="false"/>
  <plugin id="org.eclipse.ltk.ui.refactoring.source" version="3.7.200.v20140625-1835" download-size="0" install-size="0" unpack="false"/>
  <plugin id="org.eclipse.platform.source" version="4.5.2.v20160212-1500" download-size="0" install-size="0" unpack="false"/>
  <plugin id="org.eclipse.search.source" version="3.10.0.v20150318-0856" download-size="0" install-size="0" unpack="false"/>
  <plugin id="org.eclipse.team.core.source" version="3.7.100.v20150203-1452" download-size="0" install-size="0" unpack="false"/>
  <plugin id="org.eclipse.team.ui.source" version="3.7.200.v20150203-1452" download-size="0" install-size="0" unpack="false"/>
  <plugin id="org.eclipse.text.source" version="3.5.400.v20150505-1044" download-size="0" install-size="0" unpack="false"/>
  <plugin id="org.eclipse.jface.text.source" version="3.10.0.v20150603-1752" download-size="0" install-size="0" unpack="false"/>
  <plugin id="org.eclipse.jsch.core.source" version="1.2.0.v20141202-1415" download-size="0" install-size="0" unpack="false"/>
  <plugin id="org.eclipse.jsch.ui.source" version="1.2.0.v20141202-1415" download-size="0" install-size="0" unpack="false"/>
  <plugin id="org.eclipse.ui.console.source" version="3.6.100.v20150822-1912" download-size="0" install-size="0" unpack="false"/>
  <plugin id="org.eclipse.ui.intro.source" version="3.4.300.v20141007-1449" download-size="0" install-size="0" unpack="false"/>
  <plugin id="org.eclipse.ui.intro.universal.source" version="3.2.800.v20150325-0952" download-size="0" install-size="0" unpack="false"/>
  <plugin id="org.eclipse.ui.cheatsheets.source" version="3.4.200.v20131227-1524" download-size="0" install-size="0" unpack="false"/>
  <plugin id="org.eclipse.ui.browser.source" version="3.4.300.v20150429-0602" download-size="0" install-size="0" unpack="false"/>
  <plugin id="org.eclipse.ui.monitoring.source" version="1.0.0.v20150512-1436" download-size="0" install-size="0" unpack="false"/>
  <plugin id="org.eclipse.ui.navigator.source" version="3.6.0.v20150422-0725" download-size="0" install-size="0" unpack="false"/>
  <plugin id="org.eclipse.ui.navigator.resources.source" version="3.5.1.v20160128-1644" download-size="0" install-size="0" unpack="false"/>
  <plugin id="org.eclipse.ui.net.source" version="1.2.200.v20120807-0927" download-size="0" install-size="0" unpack="false"/>
  <plugin id="org.eclipse.ui.workbench.texteditor.source" version="3.9.100.v20141023-1946" download-size="0" install-size="0" unpack="false"/>
  <plugin id="org.eclipse.ui.views.source" version="3.8.0.v20150422-0725" download-size="0" install-size="0" unpack="false"/>
  <plugin id="org.eclipse.ui.editors.source" version="3.9.0.v20150213-1939" download-size="0" install-size="0" unpack="false"/>
  <plugin id="org.eclipse.ui.externaltools.source" version="3.3.0.v20150302-1002" download-size="0" install-size="0" unpack="false"/>
  <plugin id="org.eclipse.ui.ide.source" version="3.11.0.v20150825-2158" download-size="0" install-size="0" unpack="false"/>
  <plugin id="org.eclipse.ui.ide.application.source" version="1.1.0.v20150422-0725" download-size="0" install-size="0" unpack="false"/>
  <plugin id="org.eclipse.ui.win32.source" version="3.2.500.v20150423-0822" download-size="0" install-size="0" ws="win32" unpack="false"/>
  <plugin id="org.eclipse.core.variables.source" version="3.2.800.v20130819-1716" download-size="0" install-size="0" unpack="false"/>
  <plugin id="org.eclipse.ui.forms.source" version="3.6.200.v20150506-2029" download-size="0" install-size="0" unpack="false"/>
  <plugin id="org.eclipse.ui.views.properties.tabbed.source" version="3.6.100.v20150423-0822" download-size="0" install-size="0" unpack="false"/>
  <plugin id="org.eclipse.equinox.security.source" version="1.2.100.v20150423-1356" download-size="0" install-size="0" unpack="false"/>
  <plugin id="org.eclipse.equinox.security.ui.source" version="1.1.201.v20150803-1228" download-size="0" install-size="0" unpack="false"/>
  <plugin id="org.eclipse.equinox.security.win32.x86.source" version="1.0.300.v20130327-1442" download-size="0" install-size="0" os="win32" arch="x86" unpack="false"/>
  <plugin id="org.eclipse.equinox.security.win32.x86_64.source" version="1.0.100.v20130327-1442" download-size="0" install-size="0" os="win32" arch="x86_64" unpack="false"/>
  <plugin id="org.eclipse.equinox.security.macosx.source" version="1.100.200.v20130327-1442" download-size="0" install-size="0" os="macosx" unpack="false"/>
  <plugin id="org.eclipse.core.externaltools.source" version="1.0.300.v20140219-0051" download-size="0" install-size="0" unpack="false"/>
  <plugin id="org.eclipse.ui.themes.source" version="1.1.1.v20151026-1355" download-size="0" install-size="0" unpack="false"/>
  <plugin id="org.eclipse.core.filesystem.java7.source" version="1.0.100.v20150423-0754" download-size="0" install-size="0" unpack="false"/>
  <includes id="org.eclipse.rcp.source" version="4.5.2.v20160212-1500"/>
  <includes id="org.eclipse.equinox.p2.user.ui.source" version="2.2.102.v20160129-0947"/>
  <includes id="org.eclipse.help.source" version="2.1.2.v20160212-1500"/>
  <plugin id="org.eclipse.platform.doc.isv" version="4.5.2.v20160203-1325" download-size="0" install-size="0" unpack="false"/>
</feature>