<?xml version="1.0" encoding="UTF-8"?>
<feature id="org.eclipse.equinox.p2.rcp.feature.source" version="1.2.101.v20150826-1318" label="%featureName" provider-name="%providerName">
  <includes id="org.eclipse.equinox.p2.rcp.feature" version="1.2.101.v20150826-1318"/>
  <description>
      %description
   </description>
  <copyright>
      %copyright
   </copyright>
  <license url="%licenseURL">
      %license
   </license>
  <plugin id="org.eclipse.equinox.p2.ui.source" version="2.4.0.v20150425-0422" download-size="0" install-size="0" unpack="false"/>
  <plugin id="org.eclipse.equinox.p2.ui.sdk.scheduler.source" version="1.2.100.v20150423-1455" download-size="0" install-size="0" unpack="false"/>
  <plugin id="org.eclipse.equinox.p2.updatechecker.source" version="1.1.200.v20131119-0908" download-size="0" install-size="0" unpack="false"/>
  <plugin id="org.eclipse.equinox.security.ui.source" version="1.1.201.v20150803-1228" download-size="0" install-size="0" unpack="false"/>
  <plugin id="org.eclipse.equinox.p2.ui.sdk.source" version="1.0.400.v20150423-1455" download-size="0" install-size="0" unpack="false"/>
  <includes id="org.eclipse.equinox.p2.core.feature.source" version="1.3.100.v20150527-1706"/>
</feature>