<?xml version="1.0" encoding="UTF-8"?>
<feature
      id="org.eclipse.sdk"
      label="%featureName"
      version="4.5.2.v20160212-1500"
      provider-name="%providerName">

   <description>
      %description
   </description>

   <copyright>
      %copyright
   </copyright>

   <license url="%licenseURL">
      %license
   </license>

   <includes
         id="org.eclipse.platform"
         version="4.5.2.v20160212-1500"/>

   <includes
         id="org.eclipse.platform.source"
         version="4.5.2.v20160212-1500"/>

   <includes
         id="org.eclipse.cvs"
         version="1.4.201.v20160212-1500"/>

   <includes
         id="org.eclipse.cvs.source"
         version="1.4.201.v20160212-1500"/>

   <includes
         id="org.eclipse.jdt"
         version="3.11.2.v20160212-1500"/>

   <includes
         id="org.eclipse.jdt.source"
         version="3.11.2.v20160212-1500"/>

   <includes
         id="org.eclipse.pde"
         version="3.11.2.v20160212-1500"/>

   <includes
         id="org.eclipse.pde.source"
         version="3.11.2.v20160212-1500"/>

   <includes
         id="org.eclipse.help"
         version="2.1.2.v20160212-1500"/>

   <includes
         id="org.eclipse.help.source"
         version="2.1.2.v20160212-1500"/>

   <requires>
      <import feature="org.eclipse.emf.common.source" version="2.7.0" match="compatible"/>
      <import feature="org.eclipse.emf.ecore.source" version="2.7.0" match="compatible"/>
      <import feature="org.eclipse.ecf.core.source.feature" version="1.1.0" match="compatible"/>
      <import feature="org.eclipse.ecf.core.ssl.source.feature" version="1.0.0" match="compatible"/>
      <import feature="org.eclipse.ecf.filetransfer.source.feature" version="3.9.0" match="compatible"/>
      <import feature="org.eclipse.ecf.filetransfer.httpclient4.source.feature" version="3.8.0" match="compatible"/>
      <import feature="org.eclipse.ecf.filetransfer.httpclient4.ssl.source.feature" version="1.0.0" match="compatible"/>
      <import feature="org.eclipse.ecf.filetransfer.ssl.source.feature" version="1.0.0" match="compatible"/>
   </requires>

   <plugin
         id="org.eclipse.sdk"
         download-size="195"
         install-size="343"
         version="4.5.2.v20160212-1500"/>

</feature>
