<?xml version="1.0" encoding="UTF-8"?>
<!--
    Copyright (c) 2009 Codehaus.org, SpringSource, and others.
    All rights reserved. This program and the accompanying materials
    are made available under the terms of the Eclipse Public License v1.0
    which accompanies this distribution, and is available at
    http://www.eclipse.org/legal/epl-v10.html
   
    Contributors:
        Andrew Eisenberg - modified for Groovy Eclipse 2.0
 -->
<feature
      id="org.codehaus.groovy.headless.feature"
      label="%featureName"
      version="2.9.2.xx-201604081629-e45"
      provider-name="%providerName">

   <description url="%descriptionURL">
      %description
   </description>

   <copyright>
      %copyright
   </copyright>

   <license url="%licenseURL">
      %license
   </license>

   <includes
         id="org.codehaus.groovy.jdt.patch"
         version="2.9.2.xx-201604081629-e45"/>

   <requires>
      <!-- this will choose the latest compiler available unless specified differently elsewhere -->
      <import plugin="org.codehaus.groovy" version="1.7.0" match="greaterOrEqual"/>
   </requires>

   <plugin
         id="org.codehaus.groovy.eclipse.compilerResolver"
         download-size="16"
         install-size="26"
         version="2.9.2.xx-201604081629-e45"
         unpack="false"/>

   <plugin
         id="org.codehaus.groovy.eclipse.core"
         download-size="98"
         install-size="205"
         version="2.9.2.xx-201604081629-e45"
         unpack="false"/>

   <plugin
         id="org.eclipse.jdt.groovy.core"
         download-size="338"
         install-size="702"
         version="2.9.2.xx-201604081629-e45"
         unpack="false"/>

   <plugin
         id="org.codehaus.groovy.eclipse.ant"
         download-size="11"
         install-size="14"
         version="2.9.2.xx-201604081629-e45"/>

</feature>
