<?xml version="1.0" encoding="UTF-8"?>
<feature id="org.eclipse.e4.rcp.source" version="1.4.1.v20160212-1350" label="%featureName" provider-name="%providerName">
  <includes id="org.eclipse.e4.rcp" version="1.4.1.v20160212-1350"/>
  <description>
      %description
   </description>
  <copyright>
      %copyright
   </copyright>
  <license url="%licenseURL">
      %license
   </license>
  <plugin id="org.eclipse.e4.core.services.source" version="2.0.0.v20150403-1912" download-size="0" install-size="0" unpack="false"/>
  <plugin id="org.eclipse.e4.ui.workbench.swt.source" version="0.13.0.v20150504-0621" download-size="0" install-size="0" unpack="false"/>
  <plugin id="org.eclipse.e4.core.commands.source" version="0.11.0.v20150422-0725" download-size="0" install-size="0" unpack="false"/>
  <plugin id="org.eclipse.e4.ui.bindings.source" version="0.11.0.v20150422-0725" download-size="0" install-size="0" unpack="false"/>
  <plugin id="org.eclipse.e4.ui.model.workbench.source" version="1.1.100.v20150407-1430" download-size="0" install-size="0" unpack="false"/>
  <plugin id="org.eclipse.e4.ui.services.source" version="1.2.0.v20150422-0725" download-size="0" install-size="0" unpack="false"/>
  <plugin id="org.eclipse.e4.ui.workbench.renderers.swt.source" version="0.13.0.v20150901-1347" download-size="0" install-size="0" unpack="false"/>
  <plugin id="org.eclipse.e4.ui.workbench.source" version="1.3.1.v20160203-0951" download-size="0" install-size="0" unpack="false"/>
  <plugin id="org.eclipse.e4.ui.css.core.source" version="0.11.0.v20150511-1937" download-size="0" install-size="0" unpack="false"/>
  <plugin id="org.eclipse.e4.ui.css.swt.source" version="0.12.0.v20150511-1003" download-size="0" install-size="0" unpack="false"/>
  <plugin id="org.apache.batik.css.source" version="1.7.0.v201011041433" download-size="0" install-size="0" unpack="false"/>
  <plugin id="org.w3c.css.sac.source" version="1.3.1.v200903091627" download-size="0" install-size="0" unpack="false"/>
  <plugin id="org.apache.batik.util.source" version="1.7.0.v201011041433" download-size="0" install-size="0" unpack="false"/>
  <plugin id="org.w3c.dom.svg.source" version="1.1.0.v201011041433" download-size="0" install-size="0" unpack="false"/>
  <plugin id="org.w3c.dom.smil.source" version="1.0.1.v200903091627" download-size="0" install-size="0" unpack="false"/>
  <plugin id="org.w3c.dom.events.source" version="3.0.0.draft20060413_v201105210656" download-size="0" install-size="0" unpack="false"/>
  <plugin id="javax.inject.source" version="1.0.0.v20091030" download-size="0" install-size="0" unpack="false"/>
  <plugin id="javax.annotation.source" version="1.2.0.v201401042248" download-size="0" install-size="0" unpack="false"/>
  <plugin id="org.eclipse.e4.core.di.source" version="1.5.0.v20150421-2214" download-size="0" install-size="0" unpack="false"/>
  <plugin id="org.eclipse.e4.core.contexts.source" version="1.4.0.v20150828-0818" download-size="0" install-size="0" unpack="false"/>
  <plugin id="org.apache.batik.util.gui.source" version="1.7.0.v200903091627" download-size="0" install-size="0" unpack="false"/>
  <plugin id="org.eclipse.e4.core.di.extensions.source" version="0.13.0.v20150421-2214" download-size="0" install-size="0" unpack="false"/>
  <plugin id="org.eclipse.e4.ui.css.swt.theme.source" version="0.10.0.v20150422-0725" download-size="0" install-size="0" unpack="false"/>
  <plugin id="org.eclipse.e4.ui.di.source" version="1.1.0.v20150422-0725" download-size="0" install-size="0" unpack="false"/>
  <plugin id="org.eclipse.e4.ui.widgets.source" version="1.1.0.v20150427-1751" download-size="0" install-size="0" unpack="false"/>
  <plugin id="org.eclipse.e4.ui.workbench.renderers.swt.cocoa.source" version="0.11.300.v20150507-1945" download-size="0" install-size="0" os="macosx" ws="cocoa" unpack="false"/>
  <plugin id="org.eclipse.equinox.common.source" version="3.7.0.v20150402-1709" download-size="0" install-size="0" unpack="false"/>
  <plugin id="org.eclipse.equinox.ds.source" version="1.4.300.v20150423-1356" download-size="0" install-size="0" unpack="false"/>
  <plugin id="org.eclipse.equinox.event.source" version="1.3.100.v20140115-1647" download-size="0" install-size="0" unpack="false"/>
  <plugin id="org.eclipse.core.commands.source" version="3.7.0.v20150422-0725" download-size="0" install-size="0" unpack="false"/>
  <plugin id="org.eclipse.core.contenttype.source" version="3.5.0.v20150421-2214" download-size="0" install-size="0" unpack="false"/>
  <plugin id="org.eclipse.core.databinding.source" version="1.5.0.v20150422-0725" download-size="0" install-size="0" unpack="false"/>
  <plugin id="org.eclipse.core.databinding.beans.source" version="1.3.0.v20150422-0725" download-size="0" install-size="0" unpack="false"/>
  <plugin id="org.eclipse.core.databinding.observable.source" version="1.5.0.v20150422-0725" download-size="0" install-size="0" unpack="false"/>
  <plugin id="org.eclipse.core.databinding.property.source" version="1.5.0.v20150422-0725" download-size="0" install-size="0" unpack="false"/>
  <plugin id="org.eclipse.core.expressions.source" version="3.5.0.v20150421-2214" download-size="0" install-size="0" unpack="false"/>
  <plugin id="org.eclipse.core.jobs.source" version="3.7.0.v20150330-2103" download-size="0" install-size="0" unpack="false"/>
  <plugin id="org.eclipse.core.runtime.source" version="3.11.1.v20150903-1804" download-size="0" install-size="0" unpack="false"/>
  <plugin id="org.eclipse.equinox.app.source" version="1.3.300.v20150423-1356" download-size="0" install-size="0" unpack="false"/>
  <plugin id="org.eclipse.equinox.launcher.source" version="1.3.100.v20150511-1540" download-size="0" install-size="0" unpack="false"/>
  <plugin id="com.ibm.icu.source" version="54.1.1.v201501272100" download-size="0" install-size="0" unpack="false"/>
  <plugin id="org.eclipse.equinox.preferences.source" version="3.5.300.v20150408-1437" download-size="0" install-size="0" unpack="false"/>
  <plugin id="org.eclipse.equinox.registry.source" version="3.6.0.v20150318-1503" download-size="0" install-size="0" unpack="false"/>
  <plugin id="org.eclipse.equinox.simpleconfigurator.source" version="1.1.100.v20150423-1455" download-size="0" install-size="0" unpack="false"/>
  <plugin id="org.eclipse.osgi.source" version="3.10.102.v20160118-1700" download-size="0" install-size="0" unpack="false"/>
  <plugin id="org.eclipse.osgi.compatibility.state.source" version="1.0.100.v20150402-1551" download-size="0" install-size="0" unpack="false"/>
  <plugin id="org.eclipse.osgi.services.source" version="3.5.0.v20150519-2006" download-size="0" install-size="0" unpack="false"/>
  <plugin id="org.eclipse.swt.win32.win32.x86.source" version="3.104.2.v20160212-1350" download-size="0" install-size="0" os="win32" ws="win32" arch="x86" unpack="false"/>
  <plugin id="org.eclipse.swt.win32.win32.x86_64.source" version="3.104.2.v20160212-1350" download-size="0" install-size="0" os="win32" ws="win32" arch="x86_64" unpack="false"/>
  <plugin id="org.eclipse.swt.gtk.linux.x86.source" version="3.104.2.v20160212-1350" download-size="0" install-size="0" os="linux" ws="gtk" arch="x86" unpack="false"/>
  <plugin id="org.eclipse.swt.gtk.linux.s390x.source" version="3.104.2.v20160212-1350" download-size="0" install-size="0" os="linux" ws="gtk" arch="s390x" unpack="false"/>
  <plugin id="org.eclipse.swt.gtk.linux.s390.source" version="3.104.2.v20160212-1350" download-size="0" install-size="0" os="linux" ws="gtk" arch="s390" unpack="false"/>
  <plugin id="org.eclipse.swt.gtk.solaris.sparc.source" version="3.104.2.v20160212-1350" download-size="0" install-size="0" os="solaris" ws="gtk" arch="sparc" unpack="false"/>
  <plugin id="org.eclipse.swt.gtk.solaris.x86.source" version="3.104.2.v20160212-1350" download-size="0" install-size="0" os="solaris" ws="gtk" arch="x86" unpack="false"/>
  <plugin id="org.eclipse.swt.gtk.linux.ppc.source" version="3.104.2.v20160212-1350" download-size="0" install-size="0" os="linux" ws="gtk" arch="ppc" unpack="false"/>
  <plugin id="org.eclipse.swt.gtk.linux.ppc64.source" version="3.104.2.v20160212-1350" download-size="0" install-size="0" os="linux" ws="gtk" arch="ppc64" unpack="false"/>
  <plugin id="org.eclipse.swt.gtk.linux.ppc64le.source" version="3.104.2.v20160212-1350" download-size="0" install-size="0" os="linux" ws="gtk" arch="ppc64le" unpack="false"/>
  <plugin id="org.eclipse.swt.gtk.linux.x86_64.source" version="3.104.2.v20160212-1350" download-size="0" install-size="0" os="linux" ws="gtk" arch="x86_64" unpack="false"/>
  <plugin id="org.eclipse.swt.cocoa.macosx.x86_64.source" version="3.104.2.v20160212-1350" download-size="0" install-size="0" os="macosx" ws="cocoa" arch="x86_64" unpack="false"/>
  <plugin id="org.eclipse.swt.gtk.aix.ppc.source" version="3.104.2.v20160212-1350" download-size="0" install-size="0" os="aix" ws="gtk" arch="ppc" unpack="false"/>
  <plugin id="org.eclipse.swt.gtk.aix.ppc64.source" version="3.104.2.v20160212-1350" download-size="0" install-size="0" os="aix" ws="gtk" arch="ppc64" unpack="false"/>
  <plugin id="org.eclipse.swt.gtk.hpux.ia64.source" version="3.104.2.v20160212-1350" download-size="0" install-size="0" os="hpux" ws="gtk" arch="ia64" unpack="false"/>
  <plugin id="org.eclipse.equinox.util.source" version="1.0.500.v20130404-1337" download-size="0" install-size="0" unpack="false"/>
  <plugin id="org.eclipse.jface.source" version="3.11.1.v20160128-1644" download-size="0" install-size="0" unpack="false"/>
  <plugin id="org.eclipse.jface.databinding.source" version="1.7.0.v20150406-2148" download-size="0" install-size="0" unpack="false"/>
  <plugin id="org.eclipse.e4.ui.workbench3.source" version="0.13.0.v20150422-0725" download-size="0" install-size="0" unpack="false"/>
  <plugin id="org.apache.felix.gogo.command.source" version="0.10.0.v201209301215" download-size="0" install-size="0" unpack="false"/>
  <plugin id="org.apache.felix.gogo.runtime.source" version="0.10.0.v201209301036" download-size="0" install-size="0" unpack="false"/>
  <plugin id="org.apache.felix.gogo.shell.source" version="0.10.0.v201212101605" download-size="0" install-size="0" unpack="false"/>
  <plugin id="org.eclipse.equinox.console.source" version="1.1.100.v20141023-1406" download-size="0" install-size="0" unpack="false"/>
  <plugin id="org.eclipse.e4.ui.workbench.addons.swt.source" version="1.2.0.v20150512-1414" download-size="0" install-size="0" unpack="false"/>
  <plugin id="org.eclipse.equinox.bidi.source" version="0.10.0.v20130327-1442" download-size="0" install-size="0" unpack="false"/>
  <plugin id="org.eclipse.e4.ui.dialogs.source" version="1.0.0.v20150513-0856" download-size="0" install-size="0" unpack="false"/>
  <plugin id="org.apache.commons.jxpath.source" version="1.3.0.v200911051830" download-size="0" install-size="0" unpack="false"/>
  <plugin id="org.eclipse.e4.emf.xpath.source" version="0.1.100.v20150513-0856" download-size="0" install-size="0" unpack="false"/>
  <plugin id="org.eclipse.e4.core.di.annotations.source" version="1.4.0.v20150528-1451" download-size="0" install-size="0" unpack="false"/>
  <plugin id="org.eclipse.e4.ui.swt.gtk.source" version="1.0.1.v20150708-1529" download-size="0" install-size="0" ws="gtk" unpack="false"/>
</feature>