<?xml version="1.0" encoding="UTF-8"?>
<feature id="org.eclipse.cvs.source" version="1.4.201.v20160212-1500" label="%featureName" provider-name="%providerName">
  <includes id="org.eclipse.cvs" version="1.4.201.v20160212-1500"/>
  <description>
      %description
   </description>
  <copyright>
      %copyright
   </copyright>
  <license url="%licenseURL">
      %license
   </license>
  <plugin id="org.eclipse.team.cvs.core.source" version="3.3.700.v20150203-1452" download-size="0" install-size="0" unpack="false"/>
  <plugin id="org.eclipse.team.cvs.ssh2.source" version="3.2.500.v20150203-1452" download-size="0" install-size="0" unpack="false"/>
  <plugin id="org.eclipse.team.cvs.ui.source" version="3.3.700.v20141118-1725" download-size="0" install-size="0" unpack="false"/>
</feature>